Time,DER_675_b_17_Watts,DER_675_b_17_Vars,DER_675_b_17_loc
1672552795,-4495.4,0.0,tlx_675_b_h_17
1672552800,-4495.4,0.0,tlx_675_b_h_17
1672552805,-4495.4,0.0,tlx_675_b_h_17
1672552810,-4495.4,0.0,tlx_675_b_h_17
1672552815,-4495.4,0.0,tlx_675_b_h_17
1672552820,-4495.4,0.0,tlx_675_b_h_17
1672552825,-4495.4,0.0,tlx_675_b_h_17
1672552830,-4495.4,0.0,tlx_675_b_h_17
1672552835,-4495.4,0.0,tlx_675_b_h_17
1672552840,-4495.4,0.0,tlx_675_b_h_17
1672552845,-4495.4,0.0,tlx_675_b_h_17
1672552850,-4495.4,0.0,tlx_675_b_h_17
1672552855,0.0,0.0,tlx_675_b_h_17
1672552860,0.0,0.0,tlx_675_b_h_17
1672552865,0.0,0.0,tlx_675_b_h_17
1672552870,0.0,0.0,tlx_675_b_h_17
1672552875,0.0,0.0,tlx_675_b_h_17
1672552880,0.0,0.0,tlx_675_b_h_17
1672552885,0.0,0.0,tlx_675_b_h_17
1672552890,0.0,0.0,tlx_675_b_h_17
1672552895,0.0,0.0,tlx_675_b_h_17
1672552900,0.0,0.0,tlx_675_b_h_17
1672552905,0.0,0.0,tlx_675_b_h_17
1672552910,0.0,0.0,tlx_675_b_h_17
1672552915,0.0,0.0,tlx_675_b_h_17
1672552920,0.0,0.0,tlx_675_b_h_17
1672552925,0.0,0.0,tlx_675_b_h_17
1672552930,0.0,0.0,tlx_675_b_h_17
1672552935,0.0,0.0,tlx_675_b_h_17
1672552940,0.0,0.0,tlx_675_b_h_17
1672552945,0.0,0.0,tlx_675_b_h_17
1672552950,0.0,0.0,tlx_675_b_h_17
1672552955,0.0,0.0,tlx_675_b_h_17
1672552960,0.0,0.0,tlx_675_b_h_17
1672552965,0.0,0.0,tlx_675_b_h_17
1672552970,0.0,0.0,tlx_675_b_h_17
1672552975,0.0,0.0,tlx_675_b_h_17
1672552980,0.0,0.0,tlx_675_b_h_17
1672552985,0.0,0.0,tlx_675_b_h_17
1672552990,0.0,0.0,tlx_675_b_h_17
1672552995,0.0,0.0,tlx_675_b_h_17
1672553000,0.0,0.0,tlx_675_b_h_17
1672553005,0.0,0.0,tlx_675_b_h_17
1672553010,0.0,0.0,tlx_675_b_h_17
1672553015,0.0,0.0,tlx_675_b_h_17
1672553020,0.0,0.0,tlx_675_b_h_17
1672553025,0.0,0.0,tlx_675_b_h_17
1672553030,0.0,0.0,tlx_675_b_h_17
1672553035,0.0,0.0,tlx_675_b_h_17
1672553040,0.0,0.0,tlx_675_b_h_17
1672553045,0.0,0.0,tlx_675_b_h_17
1672553050,0.0,0.0,tlx_675_b_h_17
1672553055,0.0,0.0,tlx_675_b_h_17
1672553060,0.0,0.0,tlx_675_b_h_17
1672553065,0.0,0.0,tlx_675_b_h_17
1672553070,0.0,0.0,tlx_675_b_h_17
1672553075,0.0,0.0,tlx_675_b_h_17
1672553080,0.0,0.0,tlx_675_b_h_17
1672553085,0.0,0.0,tlx_675_b_h_17
1672553090,0.0,0.0,tlx_675_b_h_17
1672553095,0.0,0.0,tlx_675_b_h_17
1672553100,0.0,0.0,tlx_675_b_h_17
1672553105,0.0,0.0,tlx_675_b_h_17
1672553110,0.0,0.0,tlx_675_b_h_17
1672553115,0.0,0.0,tlx_675_b_h_17
1672553120,0.0,0.0,tlx_675_b_h_17
1672553125,0.0,0.0,tlx_675_b_h_17
1672553130,0.0,0.0,tlx_675_b_h_17
1672553135,0.0,0.0,tlx_675_b_h_17
1672553140,0.0,0.0,tlx_675_b_h_17
1672553145,0.0,0.0,tlx_675_b_h_17
1672553150,0.0,0.0,tlx_675_b_h_17
1672553155,0.0,0.0,tlx_675_b_h_17
1672553160,0.0,0.0,tlx_675_b_h_17
1672553165,0.0,0.0,tlx_675_b_h_17
1672553170,0.0,0.0,tlx_675_b_h_17
1672553175,0.0,0.0,tlx_675_b_h_17
1672553180,0.0,0.0,tlx_675_b_h_17
1672553185,0.0,0.0,tlx_675_b_h_17
1672553190,0.0,0.0,tlx_675_b_h_17
1672553195,0.0,0.0,tlx_675_b_h_17
1672553200,0.0,0.0,tlx_675_b_h_17
1672553205,0.0,0.0,tlx_675_b_h_17
1672553210,0.0,0.0,tlx_675_b_h_17
1672553215,0.0,0.0,tlx_675_b_h_17
1672553220,0.0,0.0,tlx_675_b_h_17
1672553225,0.0,0.0,tlx_675_b_h_17
1672553230,0.0,0.0,tlx_675_b_h_17
1672553235,0.0,0.0,tlx_675_b_h_17
1672553240,0.0,0.0,tlx_675_b_h_17
1672553245,0.0,0.0,tlx_675_b_h_17
1672553250,0.0,0.0,tlx_675_b_h_17
1672553255,0.0,0.0,tlx_675_b_h_17
1672553260,0.0,0.0,tlx_675_b_h_17
1672553265,0.0,0.0,tlx_675_b_h_17
1672553270,0.0,0.0,tlx_675_b_h_17
1672553275,0.0,0.0,tlx_675_b_h_17
1672553280,0.0,0.0,tlx_675_b_h_17
1672553285,0.0,0.0,tlx_675_b_h_17
1672553290,0.0,0.0,tlx_675_b_h_17
1672553295,0.0,0.0,tlx_675_b_h_17
1672553300,0.0,0.0,tlx_675_b_h_17
1672553305,0.0,0.0,tlx_675_b_h_17
1672553310,0.0,0.0,tlx_675_b_h_17
1672553315,0.0,0.0,tlx_675_b_h_17
1672553320,0.0,0.0,tlx_675_b_h_17
1672553325,0.0,0.0,tlx_675_b_h_17
1672553330,0.0,0.0,tlx_675_b_h_17
1672553335,0.0,0.0,tlx_675_b_h_17
1672553340,0.0,0.0,tlx_675_b_h_17
1672553345,0.0,0.0,tlx_675_b_h_17
1672553350,0.0,0.0,tlx_675_b_h_17
1672553355,0.0,0.0,tlx_675_b_h_17
1672553360,0.0,0.0,tlx_675_b_h_17
1672553365,0.0,0.0,tlx_675_b_h_17
1672553370,0.0,0.0,tlx_675_b_h_17
1672553375,0.0,0.0,tlx_675_b_h_17
1672553380,0.0,0.0,tlx_675_b_h_17
1672553385,0.0,0.0,tlx_675_b_h_17
1672553390,0.0,0.0,tlx_675_b_h_17
1672553395,0.0,0.0,tlx_675_b_h_17
1672553400,0.0,0.0,tlx_675_b_h_17
1672553405,0.0,0.0,tlx_675_b_h_17
1672553410,0.0,0.0,tlx_675_b_h_17
1672553415,0.0,0.0,tlx_675_b_h_17
1672553420,0.0,0.0,tlx_675_b_h_17
1672553425,0.0,0.0,tlx_675_b_h_17
1672553430,0.0,0.0,tlx_675_b_h_17
1672553435,0.0,0.0,tlx_675_b_h_17
1672553440,0.0,0.0,tlx_675_b_h_17
1672553445,0.0,0.0,tlx_675_b_h_17
1672553450,0.0,0.0,tlx_675_b_h_17
1672553455,0.0,0.0,tlx_675_b_h_17
1672553460,0.0,0.0,tlx_675_b_h_17
1672553465,0.0,0.0,tlx_675_b_h_17
1672553470,0.0,0.0,tlx_675_b_h_17
1672553475,0.0,0.0,tlx_675_b_h_17
1672553480,0.0,0.0,tlx_675_b_h_17
1672553485,0.0,0.0,tlx_675_b_h_17
1672553490,0.0,0.0,tlx_675_b_h_17
1672553495,0.0,0.0,tlx_675_b_h_17
1672553500,0.0,0.0,tlx_675_b_h_17
1672553505,0.0,0.0,tlx_675_b_h_17
1672553510,0.0,0.0,tlx_675_b_h_17
1672553515,0.0,0.0,tlx_675_b_h_17
1672553520,0.0,0.0,tlx_675_b_h_17
1672553525,0.0,0.0,tlx_675_b_h_17
1672553530,0.0,0.0,tlx_675_b_h_17
1672553535,0.0,0.0,tlx_675_b_h_17
1672553540,0.0,0.0,tlx_675_b_h_17
1672553545,0.0,0.0,tlx_675_b_h_17
1672553550,0.0,0.0,tlx_675_b_h_17
1672553555,0.0,0.0,tlx_675_b_h_17
1672553560,0.0,0.0,tlx_675_b_h_17
1672553565,0.0,0.0,tlx_675_b_h_17
1672553570,0.0,0.0,tlx_675_b_h_17
1672553575,0.0,0.0,tlx_675_b_h_17
1672553580,0.0,0.0,tlx_675_b_h_17
1672553585,0.0,0.0,tlx_675_b_h_17
1672553590,0.0,0.0,tlx_675_b_h_17
1672553595,0.0,0.0,tlx_675_b_h_17
1672553600,0.0,0.0,tlx_675_b_h_17
1672553605,0.0,0.0,tlx_675_b_h_17
1672553610,0.0,0.0,tlx_675_b_h_17
1672553615,0.0,0.0,tlx_675_b_h_17
1672553620,0.0,0.0,tlx_675_b_h_17
1672553625,0.0,0.0,tlx_675_b_h_17
1672553630,0.0,0.0,tlx_675_b_h_17
1672553635,0.0,0.0,tlx_675_b_h_17
1672553640,0.0,0.0,tlx_675_b_h_17
1672553645,0.0,0.0,tlx_675_b_h_17
1672553650,0.0,0.0,tlx_675_b_h_17
1672553655,0.0,0.0,tlx_675_b_h_17
1672553660,0.0,0.0,tlx_675_b_h_17
1672553665,0.0,0.0,tlx_675_b_h_17
1672553670,0.0,0.0,tlx_675_b_h_17
1672553675,0.0,0.0,tlx_675_b_h_17
1672553680,0.0,0.0,tlx_675_b_h_17
1672553685,0.0,0.0,tlx_675_b_h_17
1672553690,0.0,0.0,tlx_675_b_h_17
1672553695,0.0,0.0,tlx_675_b_h_17
1672553700,0.0,0.0,tlx_675_b_h_17
1672553705,0.0,0.0,tlx_675_b_h_17
1672553710,0.0,0.0,tlx_675_b_h_17
1672553715,0.0,0.0,tlx_675_b_h_17
1672553720,0.0,0.0,tlx_675_b_h_17
1672553725,0.0,0.0,tlx_675_b_h_17
1672553730,0.0,0.0,tlx_675_b_h_17
1672553735,0.0,0.0,tlx_675_b_h_17
1672553740,0.0,0.0,tlx_675_b_h_17
1672553745,0.0,0.0,tlx_675_b_h_17
1672553750,0.0,0.0,tlx_675_b_h_17
1672553755,0.0,0.0,tlx_675_b_h_17
1672553760,0.0,0.0,tlx_675_b_h_17
1672553765,0.0,0.0,tlx_675_b_h_17
1672553770,0.0,0.0,tlx_675_b_h_17
1672553775,0.0,0.0,tlx_675_b_h_17
1672553780,0.0,0.0,tlx_675_b_h_17
1672553785,0.0,0.0,tlx_675_b_h_17
1672553790,0.0,0.0,tlx_675_b_h_17
1672553795,0.0,0.0,tlx_675_b_h_17
1672553800,0.0,0.0,tlx_675_b_h_17
1672553805,0.0,0.0,tlx_675_b_h_17
1672553810,0.0,0.0,tlx_675_b_h_17
1672553815,0.0,0.0,tlx_675_b_h_17
1672553820,0.0,0.0,tlx_675_b_h_17
1672553825,0.0,0.0,tlx_675_b_h_17
1672553830,0.0,0.0,tlx_675_b_h_17
1672553835,0.0,0.0,tlx_675_b_h_17
1672553840,0.0,0.0,tlx_675_b_h_17
1672553845,0.0,0.0,tlx_675_b_h_17
1672553850,0.0,0.0,tlx_675_b_h_17
1672553855,0.0,0.0,tlx_675_b_h_17
1672553860,0.0,0.0,tlx_675_b_h_17
1672553865,0.0,0.0,tlx_675_b_h_17
1672553870,0.0,0.0,tlx_675_b_h_17
1672553875,0.0,0.0,tlx_675_b_h_17
1672553880,0.0,0.0,tlx_675_b_h_17
1672553885,0.0,0.0,tlx_675_b_h_17
1672553890,0.0,0.0,tlx_675_b_h_17
1672553895,0.0,0.0,tlx_675_b_h_17
1672553900,0.0,0.0,tlx_675_b_h_17
1672553905,0.0,0.0,tlx_675_b_h_17
1672553910,0.0,0.0,tlx_675_b_h_17
1672553915,0.0,0.0,tlx_675_b_h_17
1672553920,0.0,0.0,tlx_675_b_h_17
1672553925,0.0,0.0,tlx_675_b_h_17
1672553930,0.0,0.0,tlx_675_b_h_17
1672553935,0.0,0.0,tlx_675_b_h_17
1672553940,0.0,0.0,tlx_675_b_h_17
1672553945,0.0,0.0,tlx_675_b_h_17
1672553950,0.0,0.0,tlx_675_b_h_17
1672553955,0.0,0.0,tlx_675_b_h_17
1672553960,0.0,0.0,tlx_675_b_h_17
1672553965,0.0,0.0,tlx_675_b_h_17
1672553970,0.0,0.0,tlx_675_b_h_17
1672553975,0.0,0.0,tlx_675_b_h_17
1672553980,0.0,0.0,tlx_675_b_h_17
1672553985,0.0,0.0,tlx_675_b_h_17
1672553990,0.0,0.0,tlx_675_b_h_17
1672553995,0.0,0.0,tlx_675_b_h_17
1672554000,0.0,0.0,tlx_675_b_h_17
1672554005,0.0,0.0,tlx_675_b_h_17
1672554010,0.0,0.0,tlx_675_b_h_17
1672554015,0.0,0.0,tlx_675_b_h_17
1672554020,0.0,0.0,tlx_675_b_h_17
1672554025,0.0,0.0,tlx_675_b_h_17
1672554030,0.0,0.0,tlx_675_b_h_17
1672554035,0.0,0.0,tlx_675_b_h_17
1672554040,0.0,0.0,tlx_675_b_h_17
1672554045,0.0,0.0,tlx_675_b_h_17
1672554050,0.0,0.0,tlx_675_b_h_17
1672554055,0.0,0.0,tlx_675_b_h_17
1672554060,0.0,0.0,tlx_675_b_h_17
1672554065,0.0,0.0,tlx_675_b_h_17
1672554070,0.0,0.0,tlx_675_b_h_17
1672554075,0.0,0.0,tlx_675_b_h_17
1672554080,0.0,0.0,tlx_675_b_h_17
1672554085,0.0,0.0,tlx_675_b_h_17
1672554090,0.0,0.0,tlx_675_b_h_17
1672554095,0.0,0.0,tlx_675_b_h_17
1672554100,0.0,0.0,tlx_675_b_h_17
1672554105,0.0,0.0,tlx_675_b_h_17
1672554110,0.0,0.0,tlx_675_b_h_17
1672554115,0.0,0.0,tlx_675_b_h_17
1672554120,0.0,0.0,tlx_675_b_h_17
1672554125,0.0,0.0,tlx_675_b_h_17
1672554130,0.0,0.0,tlx_675_b_h_17
1672554135,0.0,0.0,tlx_675_b_h_17
1672554140,0.0,0.0,tlx_675_b_h_17
1672554145,0.0,0.0,tlx_675_b_h_17
1672554150,0.0,0.0,tlx_675_b_h_17
1672554155,0.0,0.0,tlx_675_b_h_17
1672554160,0.0,0.0,tlx_675_b_h_17
1672554165,0.0,0.0,tlx_675_b_h_17
1672554170,0.0,0.0,tlx_675_b_h_17
1672554175,0.0,0.0,tlx_675_b_h_17
1672554180,0.0,0.0,tlx_675_b_h_17
1672554185,0.0,0.0,tlx_675_b_h_17
1672554190,0.0,0.0,tlx_675_b_h_17
1672554195,0.0,0.0,tlx_675_b_h_17
1672554200,0.0,0.0,tlx_675_b_h_17
1672554205,0.0,0.0,tlx_675_b_h_17
1672554210,0.0,0.0,tlx_675_b_h_17
1672554215,0.0,0.0,tlx_675_b_h_17
1672554220,0.0,0.0,tlx_675_b_h_17
1672554225,0.0,0.0,tlx_675_b_h_17
1672554230,0.0,0.0,tlx_675_b_h_17
1672554235,0.0,0.0,tlx_675_b_h_17
1672554240,0.0,0.0,tlx_675_b_h_17
1672554245,0.0,0.0,tlx_675_b_h_17
1672554250,0.0,0.0,tlx_675_b_h_17
1672554255,0.0,0.0,tlx_675_b_h_17
1672554260,0.0,0.0,tlx_675_b_h_17
1672554265,0.0,0.0,tlx_675_b_h_17
1672554270,0.0,0.0,tlx_675_b_h_17
1672554275,0.0,0.0,tlx_675_b_h_17
1672554280,0.0,0.0,tlx_675_b_h_17
1672554285,0.0,0.0,tlx_675_b_h_17
1672554290,0.0,0.0,tlx_675_b_h_17
1672554295,0.0,0.0,tlx_675_b_h_17
1672554300,0.0,0.0,tlx_675_b_h_17
1672554305,0.0,0.0,tlx_675_b_h_17
1672554310,0.0,0.0,tlx_675_b_h_17
1672554315,0.0,0.0,tlx_675_b_h_17
1672554320,0.0,0.0,tlx_675_b_h_17
1672554325,0.0,0.0,tlx_675_b_h_17
1672554330,0.0,0.0,tlx_675_b_h_17
1672554335,0.0,0.0,tlx_675_b_h_17
1672554340,0.0,0.0,tlx_675_b_h_17
1672554345,0.0,0.0,tlx_675_b_h_17
1672554350,0.0,0.0,tlx_675_b_h_17
1672554355,0.0,0.0,tlx_675_b_h_17
1672554360,0.0,0.0,tlx_675_b_h_17
1672554365,0.0,0.0,tlx_675_b_h_17
1672554370,0.0,0.0,tlx_675_b_h_17
1672554375,0.0,0.0,tlx_675_b_h_17
1672554380,0.0,0.0,tlx_675_b_h_17
1672554385,0.0,0.0,tlx_675_b_h_17
1672554390,0.0,0.0,tlx_675_b_h_17
1672554395,0.0,0.0,tlx_675_b_h_17
1672554400,0.0,0.0,tlx_675_b_h_17
1672554405,0.0,0.0,tlx_675_b_h_17
1672554410,0.0,0.0,tlx_675_b_h_17
1672554415,0.0,0.0,tlx_675_b_h_17
1672554420,0.0,0.0,tlx_675_b_h_17
1672554425,0.0,0.0,tlx_675_b_h_17
1672554430,0.0,0.0,tlx_675_b_h_17
1672554435,0.0,0.0,tlx_675_b_h_17
1672554440,0.0,0.0,tlx_675_b_h_17
1672554445,0.0,0.0,tlx_675_b_h_17
1672554450,0.0,0.0,tlx_675_b_h_17
1672554455,0.0,0.0,tlx_675_b_h_17
1672554460,0.0,0.0,tlx_675_b_h_17
1672554465,0.0,0.0,tlx_675_b_h_17
1672554470,0.0,0.0,tlx_675_b_h_17
1672554475,0.0,0.0,tlx_675_b_h_17
1672554480,0.0,0.0,tlx_675_b_h_17
1672554485,0.0,0.0,tlx_675_b_h_17
1672554490,0.0,0.0,tlx_675_b_h_17
1672554495,0.0,0.0,tlx_675_b_h_17
1672554500,0.0,0.0,tlx_675_b_h_17
1672554505,0.0,0.0,tlx_675_b_h_17
1672554510,0.0,0.0,tlx_675_b_h_17
1672554515,0.0,0.0,tlx_675_b_h_17
1672554520,0.0,0.0,tlx_675_b_h_17
1672554525,0.0,0.0,tlx_675_b_h_17
1672554530,0.0,0.0,tlx_675_b_h_17
1672554535,0.0,0.0,tlx_675_b_h_17
1672554540,0.0,0.0,tlx_675_b_h_17
1672554545,0.0,0.0,tlx_675_b_h_17
1672554550,0.0,0.0,tlx_675_b_h_17
1672554555,0.0,0.0,tlx_675_b_h_17
1672554560,0.0,0.0,tlx_675_b_h_17
1672554565,0.0,0.0,tlx_675_b_h_17
1672554570,0.0,0.0,tlx_675_b_h_17
1672554575,0.0,0.0,tlx_675_b_h_17
1672554580,0.0,0.0,tlx_675_b_h_17
1672554585,0.0,0.0,tlx_675_b_h_17
1672554590,0.0,0.0,tlx_675_b_h_17
1672554595,0.0,0.0,tlx_675_b_h_17
1672554600,0.0,0.0,tlx_675_b_h_17
1672554605,0.0,0.0,tlx_675_b_h_17
1672554610,0.0,0.0,tlx_675_b_h_17
1672554615,0.0,0.0,tlx_675_b_h_17
1672554620,0.0,0.0,tlx_675_b_h_17
1672554625,0.0,0.0,tlx_675_b_h_17
1672554630,0.0,0.0,tlx_675_b_h_17
1672554635,0.0,0.0,tlx_675_b_h_17
1672554640,0.0,0.0,tlx_675_b_h_17
1672554645,0.0,0.0,tlx_675_b_h_17
1672554650,0.0,0.0,tlx_675_b_h_17
1672554655,0.0,0.0,tlx_675_b_h_17
1672554660,0.0,0.0,tlx_675_b_h_17
1672554665,0.0,0.0,tlx_675_b_h_17
1672554670,0.0,0.0,tlx_675_b_h_17
1672554675,0.0,0.0,tlx_675_b_h_17
1672554680,0.0,0.0,tlx_675_b_h_17
1672554685,0.0,0.0,tlx_675_b_h_17
1672554690,0.0,0.0,tlx_675_b_h_17
1672554695,0.0,0.0,tlx_675_b_h_17
1672554700,0.0,0.0,tlx_675_b_h_17
1672554705,0.0,0.0,tlx_675_b_h_17
1672554710,0.0,0.0,tlx_675_b_h_17
1672554715,0.0,0.0,tlx_675_b_h_17
1672554720,0.0,0.0,tlx_675_b_h_17
1672554725,0.0,0.0,tlx_675_b_h_17
1672554730,0.0,0.0,tlx_675_b_h_17
1672554735,0.0,0.0,tlx_675_b_h_17
1672554740,0.0,0.0,tlx_675_b_h_17
1672554745,0.0,0.0,tlx_675_b_h_17
1672554750,0.0,0.0,tlx_675_b_h_17
1672554755,0.0,0.0,tlx_675_b_h_17
1672554760,0.0,0.0,tlx_675_b_h_17
1672554765,0.0,0.0,tlx_675_b_h_17
1672554770,0.0,0.0,tlx_675_b_h_17
1672554775,0.0,0.0,tlx_675_b_h_17
1672554780,0.0,0.0,tlx_675_b_h_17
1672554785,0.0,0.0,tlx_675_b_h_17
1672554790,0.0,0.0,tlx_675_b_h_17
1672554795,0.0,0.0,tlx_675_b_h_17
1672554800,0.0,0.0,tlx_675_b_h_17
1672554805,0.0,0.0,tlx_675_b_h_17
1672554810,0.0,0.0,tlx_675_b_h_17
1672554815,0.0,0.0,tlx_675_b_h_17
1672554820,0.0,0.0,tlx_675_b_h_17
1672554825,0.0,0.0,tlx_675_b_h_17
1672554830,0.0,0.0,tlx_675_b_h_17
1672554835,0.0,0.0,tlx_675_b_h_17
1672554840,0.0,0.0,tlx_675_b_h_17
1672554845,0.0,0.0,tlx_675_b_h_17
1672554850,0.0,0.0,tlx_675_b_h_17
1672554855,0.0,0.0,tlx_675_b_h_17
1672554860,0.0,0.0,tlx_675_b_h_17
1672554865,0.0,0.0,tlx_675_b_h_17
1672554870,0.0,0.0,tlx_675_b_h_17
1672554875,0.0,0.0,tlx_675_b_h_17
1672554880,0.0,0.0,tlx_675_b_h_17
1672554885,0.0,0.0,tlx_675_b_h_17
1672554890,0.0,0.0,tlx_675_b_h_17
1672554895,0.0,0.0,tlx_675_b_h_17
1672554900,0.0,0.0,tlx_675_b_h_17
1672554905,0.0,0.0,tlx_675_b_h_17
1672554910,0.0,0.0,tlx_675_b_h_17
1672554915,0.0,0.0,tlx_675_b_h_17
1672554920,0.0,0.0,tlx_675_b_h_17
1672554925,0.0,0.0,tlx_675_b_h_17
1672554930,0.0,0.0,tlx_675_b_h_17
1672554935,0.0,0.0,tlx_675_b_h_17
1672554940,0.0,0.0,tlx_675_b_h_17
1672554945,0.0,0.0,tlx_675_b_h_17
1672554950,0.0,0.0,tlx_675_b_h_17
1672554955,0.0,0.0,tlx_675_b_h_17
1672554960,0.0,0.0,tlx_675_b_h_17
1672554965,0.0,0.0,tlx_675_b_h_17
1672554970,0.0,0.0,tlx_675_b_h_17
1672554975,0.0,0.0,tlx_675_b_h_17
1672554980,0.0,0.0,tlx_675_b_h_17
1672554985,0.0,0.0,tlx_675_b_h_17
1672554990,0.0,0.0,tlx_675_b_h_17
1672554995,0.0,0.0,tlx_675_b_h_17
1672555000,0.0,0.0,tlx_675_b_h_17
1672555005,0.0,0.0,tlx_675_b_h_17
1672555010,0.0,0.0,tlx_675_b_h_17
1672555015,0.0,0.0,tlx_675_b_h_17
1672555020,0.0,0.0,tlx_675_b_h_17
1672555025,0.0,0.0,tlx_675_b_h_17
1672555030,0.0,0.0,tlx_675_b_h_17
1672555035,0.0,0.0,tlx_675_b_h_17
1672555040,0.0,0.0,tlx_675_b_h_17
1672555045,0.0,0.0,tlx_675_b_h_17
1672555050,0.0,0.0,tlx_675_b_h_17
1672555055,0.0,0.0,tlx_675_b_h_17
1672555060,0.0,0.0,tlx_675_b_h_17
1672555065,0.0,0.0,tlx_675_b_h_17
1672555070,0.0,0.0,tlx_675_b_h_17
1672555075,0.0,0.0,tlx_675_b_h_17
1672555080,0.0,0.0,tlx_675_b_h_17
1672555085,0.0,0.0,tlx_675_b_h_17
1672555090,0.0,0.0,tlx_675_b_h_17
1672555095,0.0,0.0,tlx_675_b_h_17
1672555100,0.0,0.0,tlx_675_b_h_17
1672555105,0.0,0.0,tlx_675_b_h_17
1672555110,0.0,0.0,tlx_675_b_h_17
1672555115,0.0,0.0,tlx_675_b_h_17
1672555120,0.0,0.0,tlx_675_b_h_17
1672555125,0.0,0.0,tlx_675_b_h_17
1672555130,0.0,0.0,tlx_675_b_h_17
1672555135,0.0,0.0,tlx_675_b_h_17
1672555140,0.0,0.0,tlx_675_b_h_17
1672555145,0.0,0.0,tlx_675_b_h_17
1672555150,0.0,0.0,tlx_675_b_h_17
1672555155,0.0,0.0,tlx_675_b_h_17
1672555160,0.0,0.0,tlx_675_b_h_17
1672555165,0.0,0.0,tlx_675_b_h_17
1672555170,0.0,0.0,tlx_675_b_h_17
1672555175,0.0,0.0,tlx_675_b_h_17
1672555180,0.0,0.0,tlx_675_b_h_17
1672555185,0.0,0.0,tlx_675_b_h_17
1672555190,0.0,0.0,tlx_675_b_h_17
1672555195,0.0,0.0,tlx_675_b_h_17
1672555200,0.0,0.0,tlx_675_b_h_17
1672555205,0.0,0.0,tlx_675_b_h_17
1672555210,0.0,0.0,tlx_675_b_h_17
1672555215,0.0,0.0,tlx_675_b_h_17
1672555220,0.0,0.0,tlx_675_b_h_17
1672555225,0.0,0.0,tlx_675_b_h_17
1672555230,0.0,0.0,tlx_675_b_h_17
1672555235,0.0,0.0,tlx_675_b_h_17
1672555240,0.0,0.0,tlx_675_b_h_17
1672555245,0.0,0.0,tlx_675_b_h_17
1672555250,0.0,0.0,tlx_675_b_h_17
1672555255,0.0,0.0,tlx_675_b_h_17
1672555260,0.0,0.0,tlx_675_b_h_17
1672555265,0.0,0.0,tlx_675_b_h_17
1672555270,0.0,0.0,tlx_675_b_h_17
1672555275,0.0,0.0,tlx_675_b_h_17
1672555280,0.0,0.0,tlx_675_b_h_17
1672555285,0.0,0.0,tlx_675_b_h_17
1672555290,0.0,0.0,tlx_675_b_h_17
1672555295,0.0,0.0,tlx_675_b_h_17
1672555300,0.0,0.0,tlx_675_b_h_17
1672555305,0.0,0.0,tlx_675_b_h_17
1672555310,0.0,0.0,tlx_675_b_h_17
1672555315,0.0,0.0,tlx_675_b_h_17
1672555320,0.0,0.0,tlx_675_b_h_17
1672555325,0.0,0.0,tlx_675_b_h_17
1672555330,0.0,0.0,tlx_675_b_h_17
1672555335,0.0,0.0,tlx_675_b_h_17
1672555340,0.0,0.0,tlx_675_b_h_17
1672555345,0.0,0.0,tlx_675_b_h_17
1672555350,0.0,0.0,tlx_675_b_h_17
1672555355,0.0,0.0,tlx_675_b_h_17
1672555360,0.0,0.0,tlx_675_b_h_17
1672555365,0.0,0.0,tlx_675_b_h_17
1672555370,0.0,0.0,tlx_675_b_h_17
1672555375,0.0,0.0,tlx_675_b_h_17
1672555380,0.0,0.0,tlx_675_b_h_17
1672555385,0.0,0.0,tlx_675_b_h_17
1672555390,0.0,0.0,tlx_675_b_h_17
1672555395,0.0,0.0,tlx_675_b_h_17
1672555400,0.0,0.0,tlx_675_b_h_17
1672555405,0.0,0.0,tlx_675_b_h_17
1672555410,0.0,0.0,tlx_675_b_h_17
1672555415,0.0,0.0,tlx_675_b_h_17
1672555420,0.0,0.0,tlx_675_b_h_17
1672555425,0.0,0.0,tlx_675_b_h_17
1672555430,0.0,0.0,tlx_675_b_h_17
1672555435,0.0,0.0,tlx_675_b_h_17
1672555440,0.0,0.0,tlx_675_b_h_17
1672555445,0.0,0.0,tlx_675_b_h_17
1672555450,0.0,0.0,tlx_675_b_h_17
1672555455,0.0,0.0,tlx_675_b_h_17
1672555460,0.0,0.0,tlx_675_b_h_17
1672555465,0.0,0.0,tlx_675_b_h_17
1672555470,0.0,0.0,tlx_675_b_h_17
1672555475,0.0,0.0,tlx_675_b_h_17
1672555480,0.0,0.0,tlx_675_b_h_17
1672555485,0.0,0.0,tlx_675_b_h_17
1672555490,0.0,0.0,tlx_675_b_h_17
1672555495,0.0,0.0,tlx_675_b_h_17
1672555500,0.0,0.0,tlx_675_b_h_17
1672555505,0.0,0.0,tlx_675_b_h_17
1672555510,0.0,0.0,tlx_675_b_h_17
1672555515,0.0,0.0,tlx_675_b_h_17
1672555520,0.0,0.0,tlx_675_b_h_17
1672555525,0.0,0.0,tlx_675_b_h_17
1672555530,0.0,0.0,tlx_675_b_h_17
1672555535,0.0,0.0,tlx_675_b_h_17
1672555540,0.0,0.0,tlx_675_b_h_17
1672555545,0.0,0.0,tlx_675_b_h_17
1672555550,0.0,0.0,tlx_675_b_h_17
1672555555,0.0,0.0,tlx_675_b_h_17
1672555560,0.0,0.0,tlx_675_b_h_17
1672555565,0.0,0.0,tlx_675_b_h_17
1672555570,0.0,0.0,tlx_675_b_h_17
1672555575,0.0,0.0,tlx_675_b_h_17
1672555580,0.0,0.0,tlx_675_b_h_17
1672555585,0.0,0.0,tlx_675_b_h_17
1672555590,0.0,0.0,tlx_675_b_h_17
1672555595,0.0,0.0,tlx_675_b_h_17
1672555600,0.0,0.0,tlx_675_b_h_17
1672555605,0.0,0.0,tlx_675_b_h_17
1672555610,0.0,0.0,tlx_675_b_h_17
1672555615,0.0,0.0,tlx_675_b_h_17
1672555620,0.0,0.0,tlx_675_b_h_17
1672555625,0.0,0.0,tlx_675_b_h_17
1672555630,0.0,0.0,tlx_675_b_h_17
1672555635,0.0,0.0,tlx_675_b_h_17
1672555640,0.0,0.0,tlx_675_b_h_17
1672555645,0.0,0.0,tlx_675_b_h_17
1672555650,0.0,0.0,tlx_675_b_h_17
1672555655,0.0,0.0,tlx_675_b_h_17
1672555660,0.0,0.0,tlx_675_b_h_17
1672555665,0.0,0.0,tlx_675_b_h_17
1672555670,0.0,0.0,tlx_675_b_h_17
1672555675,0.0,0.0,tlx_675_b_h_17
1672555680,0.0,0.0,tlx_675_b_h_17
1672555685,0.0,0.0,tlx_675_b_h_17
1672555690,0.0,0.0,tlx_675_b_h_17
1672555695,0.0,0.0,tlx_675_b_h_17
1672555700,0.0,0.0,tlx_675_b_h_17
1672555705,0.0,0.0,tlx_675_b_h_17
1672555710,0.0,0.0,tlx_675_b_h_17
1672555715,0.0,0.0,tlx_675_b_h_17
1672555720,0.0,0.0,tlx_675_b_h_17
1672555725,0.0,0.0,tlx_675_b_h_17
1672555730,0.0,0.0,tlx_675_b_h_17
1672555735,0.0,0.0,tlx_675_b_h_17
1672555740,0.0,0.0,tlx_675_b_h_17
1672555745,0.0,0.0,tlx_675_b_h_17
1672555750,0.0,0.0,tlx_675_b_h_17
1672555755,0.0,0.0,tlx_675_b_h_17
1672555760,0.0,0.0,tlx_675_b_h_17
1672555765,0.0,0.0,tlx_675_b_h_17
1672555770,0.0,0.0,tlx_675_b_h_17
1672555775,0.0,0.0,tlx_675_b_h_17
1672555780,0.0,0.0,tlx_675_b_h_17
1672555785,0.0,0.0,tlx_675_b_h_17
1672555790,0.0,0.0,tlx_675_b_h_17
1672555795,0.0,0.0,tlx_675_b_h_17
1672555800,0.0,0.0,tlx_675_b_h_17
1672555805,0.0,0.0,tlx_675_b_h_17
1672555810,0.0,0.0,tlx_675_b_h_17
1672555815,0.0,0.0,tlx_675_b_h_17
1672555820,0.0,0.0,tlx_675_b_h_17
1672555825,0.0,0.0,tlx_675_b_h_17
1672555830,0.0,0.0,tlx_675_b_h_17
1672555835,0.0,0.0,tlx_675_b_h_17
1672555840,0.0,0.0,tlx_675_b_h_17
1672555845,0.0,0.0,tlx_675_b_h_17
1672555850,0.0,0.0,tlx_675_b_h_17
1672555855,0.0,0.0,tlx_675_b_h_17
1672555860,0.0,0.0,tlx_675_b_h_17
1672555865,0.0,0.0,tlx_675_b_h_17
1672555870,0.0,0.0,tlx_675_b_h_17
1672555875,0.0,0.0,tlx_675_b_h_17
1672555880,0.0,0.0,tlx_675_b_h_17
1672555885,0.0,0.0,tlx_675_b_h_17
1672555890,0.0,0.0,tlx_675_b_h_17
1672555895,0.0,0.0,tlx_675_b_h_17
1672555900,0.0,0.0,tlx_675_b_h_17
1672555905,0.0,0.0,tlx_675_b_h_17
1672555910,0.0,0.0,tlx_675_b_h_17
1672555915,0.0,0.0,tlx_675_b_h_17
1672555920,0.0,0.0,tlx_675_b_h_17
1672555925,0.0,0.0,tlx_675_b_h_17
1672555930,0.0,0.0,tlx_675_b_h_17
1672555935,0.0,0.0,tlx_675_b_h_17
1672555940,0.0,0.0,tlx_675_b_h_17
1672555945,0.0,0.0,tlx_675_b_h_17
1672555950,0.0,0.0,tlx_675_b_h_17
1672555955,0.0,0.0,tlx_675_b_h_17
1672555960,0.0,0.0,tlx_675_b_h_17
1672555965,0.0,0.0,tlx_675_b_h_17
1672555970,0.0,0.0,tlx_675_b_h_17
1672555975,0.0,0.0,tlx_675_b_h_17
1672555980,0.0,0.0,tlx_675_b_h_17
1672555985,0.0,0.0,tlx_675_b_h_17
1672555990,0.0,0.0,tlx_675_b_h_17
1672555995,0.0,0.0,tlx_675_b_h_17
1672556000,0.0,0.0,tlx_675_b_h_17
1672556005,0.0,0.0,tlx_675_b_h_17
1672556010,0.0,0.0,tlx_675_b_h_17
1672556015,0.0,0.0,tlx_675_b_h_17
1672556020,0.0,0.0,tlx_675_b_h_17
1672556025,0.0,0.0,tlx_675_b_h_17
1672556030,0.0,0.0,tlx_675_b_h_17
1672556035,0.0,0.0,tlx_675_b_h_17
1672556040,0.0,0.0,tlx_675_b_h_17
1672556045,0.0,0.0,tlx_675_b_h_17
1672556050,0.0,0.0,tlx_675_b_h_17
1672556055,0.0,0.0,tlx_675_b_h_17
1672556060,0.0,0.0,tlx_675_b_h_17
1672556065,0.0,0.0,tlx_675_b_h_17
1672556070,0.0,0.0,tlx_675_b_h_17
1672556075,0.0,0.0,tlx_675_b_h_17
1672556080,0.0,0.0,tlx_675_b_h_17
1672556085,0.0,0.0,tlx_675_b_h_17
1672556090,0.0,0.0,tlx_675_b_h_17
1672556095,0.0,0.0,tlx_675_b_h_17
1672556100,0.0,0.0,tlx_675_b_h_17
1672556105,0.0,0.0,tlx_675_b_h_17
1672556110,0.0,0.0,tlx_675_b_h_17
1672556115,0.0,0.0,tlx_675_b_h_17
1672556120,0.0,0.0,tlx_675_b_h_17
1672556125,0.0,0.0,tlx_675_b_h_17
1672556130,0.0,0.0,tlx_675_b_h_17
1672556135,0.0,0.0,tlx_675_b_h_17
1672556140,0.0,0.0,tlx_675_b_h_17
1672556145,0.0,0.0,tlx_675_b_h_17
1672556150,0.0,0.0,tlx_675_b_h_17
1672556155,0.0,0.0,tlx_675_b_h_17
1672556160,0.0,0.0,tlx_675_b_h_17
1672556165,0.0,0.0,tlx_675_b_h_17
1672556170,0.0,0.0,tlx_675_b_h_17
1672556175,0.0,0.0,tlx_675_b_h_17
1672556180,0.0,0.0,tlx_675_b_h_17
1672556185,0.0,0.0,tlx_675_b_h_17
1672556190,0.0,0.0,tlx_675_b_h_17
1672556195,0.0,0.0,tlx_675_b_h_17
1672556200,0.0,0.0,tlx_675_b_h_17
1672556205,0.0,0.0,tlx_675_b_h_17
1672556210,0.0,0.0,tlx_675_b_h_17
1672556215,0.0,0.0,tlx_675_b_h_17
1672556220,0.0,0.0,tlx_675_b_h_17
1672556225,0.0,0.0,tlx_675_b_h_17
1672556230,0.0,0.0,tlx_675_b_h_17
1672556235,0.0,0.0,tlx_675_b_h_17
1672556240,0.0,0.0,tlx_675_b_h_17
1672556245,0.0,0.0,tlx_675_b_h_17
1672556250,0.0,0.0,tlx_675_b_h_17
1672556255,0.0,0.0,tlx_675_b_h_17
1672556260,0.0,0.0,tlx_675_b_h_17
1672556265,0.0,0.0,tlx_675_b_h_17
1672556270,0.0,0.0,tlx_675_b_h_17
1672556275,0.0,0.0,tlx_675_b_h_17
1672556280,0.0,0.0,tlx_675_b_h_17
1672556285,0.0,0.0,tlx_675_b_h_17
1672556290,0.0,0.0,tlx_675_b_h_17
1672556295,0.0,0.0,tlx_675_b_h_17
1672556300,0.0,0.0,tlx_675_b_h_17
1672556305,0.0,0.0,tlx_675_b_h_17
1672556310,0.0,0.0,tlx_675_b_h_17
1672556315,0.0,0.0,tlx_675_b_h_17
1672556320,0.0,0.0,tlx_675_b_h_17
1672556325,0.0,0.0,tlx_675_b_h_17
1672556330,0.0,0.0,tlx_675_b_h_17
1672556335,0.0,0.0,tlx_675_b_h_17
1672556340,0.0,0.0,tlx_675_b_h_17
1672556345,0.0,0.0,tlx_675_b_h_17
1672556350,0.0,0.0,tlx_675_b_h_17
1672556355,0.0,0.0,tlx_675_b_h_17
1672556360,0.0,0.0,tlx_675_b_h_17
1672556365,0.0,0.0,tlx_675_b_h_17
1672556370,0.0,0.0,tlx_675_b_h_17
1672556375,0.0,0.0,tlx_675_b_h_17
1672556380,0.0,0.0,tlx_675_b_h_17
1672556385,0.0,0.0,tlx_675_b_h_17
1672556390,0.0,0.0,tlx_675_b_h_17
1672556395,0.0,0.0,tlx_675_b_h_17
